,Unnamed: 0,X,BBLID,Session,SCANID_CEST,sex,race,ethnic,dateDiff,Cont,Default,DorsAttn,Vis,SalVentAttn,SomMot,Limbic,Cont_btwn,Default_btwn,DorsAttn_btwn,Vis_btwn,SalVentAttn_btwn,SomMot_btwn,Limbic_btwn,avgCEST_Cont,ctCEST_Cont,avgCEST_Default,ctCEST_Default,avgCEST_SomMot,ctCEST_SomMot,avgCEST_DorsAttn,ctCEST_DorsAttn,avgCEST_Vis,ctCEST_Vis,avgCEST_Limbic,ctCEST_Limbic,avgCEST_SalVentAttn,ctCEST_SalVentAttn,tap_tot,hstatus,age,Cont_all,Default_all,DorsAttn_all,Vis_all,SalVentAttn_all,SomMot_all,Limbic_all,cest_fc,diag_group,lagtime_CNB,lagtime_scan
0,0,27,116354,11647,11774,F,2,2,53,0.287297419,0.230268912,0.424902788,0.416893375,0.402458558,0.504439604,0.636952873,-0.056015752,-0.008381723,0.053967675,-0.034987488,-0.114901357,0.026176642,-0.120208929,7.305569,591,7.333055,782,5.566788,449,7.05059,278,8.917566,270,6.930256,167,6.548841,1288,,PRO,23.5,-0.009043326,0.032183616,0.118385796,0.082838181,-0.035713615,0.117982147,-0.073662097,11.03558871,PSY,,-119
1,1,81,96465,11557,12069,M,1,2,117,0.350607013,0.349159903,0.356192469,0.530967138,0.401524011,0.633728732,0.56807411,-0.045425918,-0.07040968,-0.033544491,-0.091550001,-0.023706296,-0.05454244,-0.074415431,7.387477,1275,6.563457,1480,5.706898,649,6.165931,201,11.313002,141,7.711419,233,6.019189,1551,108.3333,NC,23.2,0.009254771,0.001383337,0.034138836,0.070768222,0.041379975,0.077575427,-0.031840823,9.00526947,HC,-526,-498
2,2,51,126532,12260,12582,F,1,2,11,0.312118841,0.271701491,0.345487274,0.694719735,0.486931755,0.418678417,0.635269874,-0.018773787,-0.000433732,0.004198762,-0.182177283,-0.046459224,-0.060810173,-0.081663537,8.033301,1461,7.315501,1415,5.792495,499,7.536023,244,8.139606,282,8.464191,240,6.51037,1078,93,PSY,24.8,0.026499249,0.045823248,0.063468332,0.046469217,0.035182253,0.031230598,-0.037589762,13.83518894,PSY,-298,-263
3,3,75,92211,10435,10981,F,2,2,9,0.332711583,0.375548398,0.55238586,0.578150411,0.500088028,0.449795982,0.498264916,0.153795266,0.149623562,0.128796563,0.129178993,0.02312955,0.187400836,0.086890752,7.919937,1154,8.287575,803,5.993795,633,6.592117,222,10.750665,227,5.443653,23,6.548942,1446,99.66667,PRO,24.4,0.178274762,0.188025797,0.202358827,0.246246039,0.096133399,0.237769191,0.112180147,13.32558591,PSY,-788,131
4,4,7,132179,10780,10760,F,2,2,0,0.249576211,0.370652138,0.418721993,0.502027563,0.385254415,0.438357092,0.682754577,0.051543837,0.070645081,0.119277734,0.021873318,0.073100229,0.081831314,-0.079844425,7.649662,893,7.79307,677,6.065665,486,7.782181,104,13.836047,129,8.238533,217,6.595846,1007,112,PRO,21.8,0.07863881,0.121639658,0.171280458,0.14707113,0.120878931,0.150268621,-0.032963339,13.83726901,PSY,-50,18
5,5,32,135277,12277,12808,F,2,2,0,0.275046348,0.212500005,0.420600495,0.619785038,0.437560643,0.382213496,0.742666665,-0.11483591,-0.063865479,0.005063316,-0.061968477,0.004917228,-0.001176509,-0.065406111,7.08738,1074,6.634283,1306,6.185041,515,6.704334,201,9.336163,250,6.28202,254,6.605823,1622,100,PSY,30.2,-0.060115593,-0.01582904,0.078063091,0.118904905,0.071820849,0.073509856,-0.017872418,16.18216274,PSY,-477,-477
6,6,83,98370,motive2,12558,M,2,2,6,0.339298123,0.304245032,0.567361536,0.58056162,0.242462239,0.655773095,0.729739383,-0.113322844,-0.092883345,0.07698698,-0.091351425,-0.009767157,0.046834795,0.072382722,7.022245,1497,6.409649,1746,6.547826,572,7.328657,226,7.689022,90,6.589334,251,7.10858,1650,115.6667,NC,23.7,-0.049797095,-0.023856516,0.163133861,0.08691122,0.029237389,0.165459139,0.111050761,9.984895766,HC,-188,-224
7,7,65,20792,motive2,11887,M,1,2,71,0.214102913,0.401525374,0.532527225,0.602568677,0.399705899,0.599063676,0.926644846,-0.051119737,-0.119957849,-0.022273486,-0.116681398,0.012565464,-0.004377538,-0.055078168,6.749906,1079,6.698117,1462,6.559981,834,6.755369,266,13.94467,177,6.598458,211,6.82123,2138,101,PRO,23.7,-0.013895505,-0.029316295,0.075191504,0.074140051,0.072432542,0.113175946,0.002670244,10.95039018,PSY,-112,-118
8,8,15,118864,11724,11783,F,2,1,18,0.172660975,0.242227001,0.396741147,0.770699095,0.445013897,0.43686778,0.562953096,-0.049368788,-0.032987495,0.003091404,-0.134040591,-0.052128554,-0.035825619,-0.078426693,7.574944,1305,7.345916,1840,6.629479,714,7.042596,433,9.650387,256,4.877843,229,7.148446,2202,115.6667,NC,19.8,-0.01899047,0.013792894,0.071454241,0.101865745,0.023964679,0.054910773,-0.038997607,15.17502391,HC,46,-55
9,9,23,135085,motive1,11812,F,1,2,17,0.171071084,0.25854444,0.306440982,0.745168908,0.460605874,0.455519069,0.719440301,-0.018546929,-0.077730057,0.006966514,-0.085309126,0.020400971,-0.065349616,-0.116213811,7.508359,893,7.758378,1124,6.697056,462,7.024536,323,8.196936,68,8.84849,111,7.038116,1570,,PRO,18.9,0.008066125,-0.01928054,0.059576893,0.135021781,0.088473894,0.036118309,-0.067057687,14.70203216,PSY,,-246
10,10,16,20325,11667,11852,F,5,2,14,0.244420116,0.176635869,0.355448896,0.381836825,0.463340486,0.56447295,0.766073621,-0.048191219,-0.028336532,-0.011103702,-0.069360013,-0.076930554,-0.044380903,-0.029680828,7.907324,1476,7.111473,1286,6.699647,591,7.858562,165,7.766536,184,7.563259,263,7.217054,1396,,PROR,23.1,-0.008498426,0.007290725,0.053290673,0.050345271,0.006616514,0.074226991,0.011414473,11.86885394,PSY,,-159
11,11,79,94276,10957,10927,M,2,2,0,0.306923577,0.319521948,0.299213195,0.34276901,0.454409562,0.510002102,0.6879993,-0.081238156,-0.028130914,-0.020543612,-0.048324968,0.036538482,0.009643451,-0.057451978,8.461864,960,8.696114,510,6.790743,339,9.046731,190,19.177696,72,10.385307,14,7.495849,1117,97,S,19.4,-0.028129508,0.030962398,0.034986673,0.053650826,0.100498341,0.105690358,-0.011625055,13.31512749,PSY,-136,12
12,12,44,21874,12043,12094,F,1,2,13,0.369991906,0.254922444,0.420297366,0.49649621,0.358954725,0.633950755,0.925370589,-0.152570654,-0.08540827,0.035899042,-0.027590067,0.033368743,0.017293806,0.00825847,7.696566,1231,7.47337,1561,6.79319,679,6.875623,178,7.713124,190,6.744058,431,7.080626,1726,,PSY,24.1,-0.077997193,-0.025303992,0.104219838,0.113928779,0.084241553,0.13923162,0.059685317,10.71564305,PSY,,-42
13,13,45,121407,9257,10688,F,2,2,0,0.176723364,0.342465669,0.46522983,0.537218179,0.53740076,0.607429857,0.802114582,-0.071581112,-0.116310721,0.115026511,-0.008336653,0.112561799,0.08383701,-0.176097601,7.709064,1016,7.385214,1359,6.90786,721,6.478905,124,9.615476,23,6.514358,175,7.392371,1683,117,NC,25.8,-0.036731361,-0.036568549,0.176548715,0.136402384,0.178258546,0.185835616,-0.118555708,11.37227603,HC,-107,427
14,14,55,19970,10801,10827,M,2,2,0,0.23612433,0.285115273,0.333259582,0.514512833,0.474450142,0.477774777,0.615757336,-0.018879028,-0.09344414,0.07913729,-0.03199852,0.062249184,0.04146395,-0.146530583,7.695876,1442,7.856421,1359,6.909086,779,6.602172,397,6.160868,265,7.020261,305,7.309578,2159,112,S,23.8,0.016010767,-0.029097397,0.123269215,0.110501575,0.125341167,0.125216485,-0.099668621,14.46096851,PSY,-24,-7
15,15,41,112807,11528,11890,M,1,2,27,0.228254696,0.275465827,0.362941349,0.500429039,0.481391705,0.597373111,0.39459993,-0.027594773,-0.062886957,-0.001684791,-0.10515559,-0.004537367,-0.054067888,-0.084380013,7.805979,1719,7.31961,1690,6.99097,861,7.073486,293,8.485725,354,6.289858,175,7.47911,2160,113,NC,23.6,0.007410788,-0.005374453,0.061637688,0.052747565,0.069839532,0.070980202,-0.054934524,11.70285349,HC,-77,-362
16,16,84,20903,motive2,12159,M,2,2,20,0.26384626,0.299389634,0.431605433,0.407935824,0.404769183,0.623994618,0.779266566,-0.079190278,-0.049034167,0.001716275,-0.074088721,-0.005896857,0.001844233,0.021370491,7.23611,1110,6.834096,1711,7.034576,410,7.680337,417,12.505962,191,6.252183,252,7.130051,1838,,PROR,21,-0.031044799,0.011527081,0.077237343,0.053795342,0.057608201,0.12304236,0.065952613,11.27345621,PSY,,-187
17,17,76,91962,motive1,11090,F,2,2,0,0.269370324,0.151819406,0.320500977,0.532308147,0.367456934,0.638088179,0.692654978,-0.065408933,-0.03298123,0.002306311,-0.135574576,0.031482721,-0.024828045,-0.099781777,8.348846,1346,8.717334,995,7.099408,649,9.106482,268,19.101634,124,7.720899,78,7.667478,1637,97.33333,PRO,20.1,-0.018854762,-0.001076188,0.058205374,0.041618799,0.083437496,0.104311479,-0.058857813,11.126061,PSY,-63,-35
18,18,38,106880,10302,10699,M,2,2,0,0.288316764,0.293323716,0.244464164,0.4817793,0.525030686,0.69870801,0.458495762,0.054175161,0.060300415,0.039736488,-0.040559048,0.122708273,0.073831323,-0.023812477,7.589582,972,8.296532,1188,7.111914,497,7.075169,351,13.682704,292,6.29206,202,7.347119,1851,92.66666,NC,22.6,0.086210631,0.099909232,0.07529034,0.095638057,0.184288235,0.19378023,0.005837619,10.17866391,HC,-725,-549
19,19,28,114738,11532,11706,F,5,2,6,0.230853852,0.283170612,0.33572963,0.492939437,0.507686109,0.471812972,0.755219637,-0.038210825,-0.097043973,-0.020699827,-0.083776156,0.033802654,-0.017004697,-0.10175466,8.265034,444,7.91663,1119,7.125332,348,8.009445,134,8.414937,145,7.787189,263,7.328588,393,99.33334,NC,19.8,-0.000447361,-0.030957014,0.041916159,0.069230022,0.107083601,0.078219524,-0.051344407,15.10202647,HC,-217,-201
20,20,19,94378,11721,11833,M,2,2,29,0.244321671,0.158372847,0.361395728,0.341816347,0.392743663,0.555287299,0.664277855,-0.041601208,-0.027141475,-0.052072538,-0.054572858,0.006397887,-0.068821511,-0.112559518,7.456485,1289,6.865593,1738,7.143441,687,7.920945,341,8.120609,253,6.491369,178,7.470824,1804,,PRO,21.9,-0.002480975,0.004391864,0.019732065,0.04878364,0.065532444,0.050979998,-0.064803122,12.86440553,PSY,,-95
21,21,66,95257,motive2,12041,M,1,2,19,0.163312419,0.242488039,0.307425868,0.590524368,0.459903675,0.537162932,0.651661154,-0.024302416,-0.034767705,-0.004176501,-0.135095996,-0.008421607,-0.001173815,-0.094156953,7.212967,1535,7.134788,1633,7.155289,840,7.636163,194,8.12284,299,6.036161,228,7.097334,1909,131,NC,22.3,0.001367219,0.012359651,0.049937651,0.054105875,0.063260834,0.10216322,-0.048307479,13.32051893,HC,-181,-259
22,22,82,111720,11689,11766,M,1,2,15,0.182429535,0.312559695,0.552667728,0.651989218,0.491572855,0.55888458,0.434170454,-0.028409615,-0.096495879,0.01591961,-0.081679843,-0.01443019,-0.090041567,-0.102754183,7.486695,1560,6.920071,1868,7.193177,840,7.137485,299,7.783464,319,6.807971,289,7.600072,2331,105.3333,NC,22.4,0.000437593,-0.026965462,0.1091335,0.109620685,0.063019256,0.034523781,-0.069746521,12.87059486,HC,-97,-83
23,23,57,115783,11653,11788,F,2,2,19,0.243994924,0.258561568,0.398192359,0.552802915,0.416834142,0.736546864,0.617494226,-0.115460118,-0.089935202,0.050878901,0.0345557,-0.004200885,0.075805092,-0.050992266,7.888304,977,6.74959,1377,7.26128,531,8.233196,245,9.324936,134,5.20263,223,7.704184,1641,,NC,26.9,-0.065829777,-0.030303532,0.111194788,0.169686062,0.060243252,0.202638522,-0.006694968,9.858544457,HC,,-119
24,24,29,90281,10147,10902,F,1,2,52,0.346590903,0.295832299,0.371378521,0.702697226,0.502807222,0.474297298,0.719877738,0.095911225,0.017647071,0.164597881,0.123925763,0.181107803,0.057987893,0.046224414,7.907375,1434,7.734772,1458,7.343223,540,8.285613,339,10.589238,300,7.219574,242,7.663502,1678,97,NC,22.9,0.130522836,0.065247654,0.200508259,0.27483752,0.23034751,0.137901032,0.090864092,15.48232097,HC,-802,188
25,25,31,87646,10496,10754,F,1,2,347,0.291892303,0.399464315,0.351125029,0.618308919,0.373162027,0.668873818,0.790083642,-0.095811079,-0.072173243,0.123791619,0.02321026,-0.014167266,0.078963996,-0.064452431,8.722853,1309,8.177379,1410,7.34886,645,6.418078,284,11.169304,226,8.805707,180,7.29585,1606,,NC,25.8,-0.041396569,0.009804391,0.163728569,0.181093578,0.045729017,0.193881494,-0.014185603,10.98691532,PSY,,-347
26,26,73,97994,10896,11114,M,1,2,0,0.272872044,0.241928391,0.44316012,0.528375315,0.384524761,0.393393251,0.535566787,-0.049700712,-0.059126852,-0.030415567,-0.046686869,-0.014865226,-0.014960757,-0.109977834,8.667873,1316,8.413012,1485,7.390037,657,7.400375,219,7.286447,190,5.935026,100,7.597031,1559,,NC,19.1,-0.005162747,-0.007612955,0.051827539,0.103257712,0.046265894,0.063425296,-0.067200781,18.78536803,HC,,-144
27,27,1,20645,11274,11260,M,2,2,0,0.352909567,0.271641235,0.354436538,0.6476809,0.327867287,0.533960202,0.49839641,-0.026859474,-0.043347874,0.070226715,-0.080975981,0.012442917,-0.015267679,-0.007258223,7.641626,1621,7.510103,1594,7.402953,639,7.342427,252,10.634176,123,8.717613,250,7.569129,1739,,NC,19.8,0.025575642,0.010550262,0.119583764,0.109017647,0.060722157,0.090159976,0.026249012,13.86424113,PSY,,10
28,28,5,125511,10565,10906,F,1,2,0,0.402215178,0.330500846,0.416112137,0.583456763,0.5798448,0.667640523,0.438129926,0.162498991,0.147966903,0.178252417,0.04557163,0.171127892,0.184841626,-0.011012018,8.047493,1194,7.495084,791,7.406219,529,6.382527,100,9.001832,47,10.076208,62,7.289716,1244,104,PROR,20.9,0.195297181,0.178993644,0.219560116,0.185822482,0.233686602,0.277517831,0.016599167,11.09312383,PSY,-539,186
29,29,21,125073,11756,11814,F,2,2,26,0.235563884,0.282908193,0.380048352,0.534987961,0.351249124,0.585268548,0.673364883,-0.058418095,-0.102929043,0.072619727,-0.030693674,0.045070286,0.040339414,-0.022763452,7.453772,331,6.913929,1300,7.410022,362,7.31202,353,8.869708,194,5.168782,252,7.447239,1422,99.66667,PRO,26.2,-0.017157466,-0.035864783,0.126627458,0.119385127,0.092417529,0.14649444,0.018185273,12.66089221,PSY,-54,-48
30,30,74,105979,10067,10791,F,1,2,0,0.255413005,0.405456267,0.513916849,0.605013234,0.36294885,0.594793327,0.508768278,-0.020867452,-0.01756711,0.034422595,-0.013831244,0.070764825,0.079985484,-0.07071864,7.964047,1149,8.477527,1041,7.423225,641,8.038641,281,12.353651,166,7.924095,250,8.090149,1513,92,O,24,0.016933496,0.054337526,0.117693544,0.14752935,0.11548687,0.178806002,-0.035094444,12.48034344,PSY,-915,-820
31,31,25,93292,10306,10938,F,2,2,0,0.267594518,0.309023573,0.381014522,0.690695748,0.432970245,0.482600647,0.945611078,-0.008974251,-0.110307778,-0.032738238,-0.047355464,0.042193143,-0.031811101,-0.114746356,8.530089,1287,7.958138,1469,7.431998,574,8.363521,208,9.758106,183,7.59987,167,7.952622,1529,105.3333,PRO,25.3,0.030494115,-0.036251553,0.04079985,0.151940264,0.103252065,0.069908736,-0.055287061,15.39989232,PSY,-941,180
32,32,11,20916,12577,12762,M,2,2,13,0.212551731,0.159606295,0.291096803,0.387465689,0.347537166,0.429225653,0.428946833,-0.024593959,0.006022329,0.022561929,-0.078078779,-0.006404226,-0.002160219,-0.026471792,8.050607,1690,7.457242,1798,7.447608,625,7.423292,369,9.427329,261,5.095411,170,7.943674,1933,98.66667,PRO,14,0.007852534,0.032128213,0.069196802,0.043309607,0.047770477,0.080646941,0.001525254,17.3512649,PSY,-168,-161
33,33,3,120217,10702,10722,F,1,2,8,0.268239245,0.346880894,0.358333159,0.616774377,0.553193857,0.45334184,0.788476268,-0.066501456,-0.125322854,0.012416197,-0.0734463,0.073765436,0.025728501,-0.133595336,7.471053,1418,7.877225,1958,7.517303,905,9.204442,219,9.101265,242,5.08542,158,7.394638,2181,115.3333,PSY,24.8,-0.019520305,-0.043246808,0.073185393,0.109673472,0.147903852,0.109029801,-0.07935583,16.58197486,PSY,-18,-25
34,34,70,132641,8997,10692,F,2,2,0,0.213036003,0.37131697,0.355827547,0.499127743,0.402316246,0.604694591,0.458271963,-0.056414994,-0.106637713,0.052952105,-0.027578629,-0.003750063,0.023239743,-0.05476596,8.400412,1172,7.803748,1292,7.680043,719,8.064644,291,10.494367,123,7.631118,297,7.918807,1805,96.33333,PRO,23.7,-0.019548459,-0.025395968,0.105550703,0.109757416,0.058402944,0.134853562,-0.023226743,12.70069736,PSY,0,389
35,35,78,91422,motive1,11753,M,2,2,20,0.20304446,0.196370414,0.325397487,0.423563657,0.387129463,0.455391819,0.531342202,0.004953017,0.018326659,-0.02305372,-0.069450357,-0.050748725,0.015900814,-0.049241855,7.560834,1036,7.335796,1562,7.684925,651,7.933446,249,9.133162,81,6.047,128,7.598456,1871,115.3333,NC,25.7,0.032056071,0.048590167,0.037459753,0.059100575,0.016273447,0.100263804,-0.013550212,16.87541297,HC,74,-53
36,36,42,90077,10627,10962,F,1,2,0,0.410429248,0.432982887,0.68585732,0.561716312,0.440453613,0.707747633,0.780975419,0.262477567,0.169467358,0.27571396,0.13289126,0.18554221,0.228971454,0.19217414,8.114213,1798,7.651998,2208,7.714227,710,7.11736,211,9.214021,151,6.243365,440,7.441976,1881,93.33333,PSY,21.3,0.282720453,0.214259181,0.346941146,0.244705242,0.224559262,0.320875474,0.22837094,10.89968605,PSY,1141,157
37,37,26,100522,11710,12003,F,1,2,35,0.201851695,0.347458747,0.363533163,0.655427971,0.389111987,0.607463651,0.725577133,-0.068059674,-0.083006005,-0.030693572,-0.078177135,-0.016348811,0.006782183,-0.12419535,7.45579,921,6.786555,1228,7.744816,62,6.995977,113,10.213964,142,5.76078,231,7.607777,547,119.3333,NC,23.8,-0.030792723,-0.009348703,0.037769468,0.113106718,0.045711515,0.12208667,-0.067885125,12.74943115,HC,-255,-254
38,38,60,132869,11894,12109,M,5,2,36,0.217499152,0.367499032,0.582979332,0.522230003,0.397831567,0.550680374,0.747917147,-0.026361379,-0.123422651,-0.055702847,-0.075672317,0.043927646,-0.030049527,-0.134949078,8.011204,1544,8.033601,1902,7.759323,618,8.153649,278,7.694745,37,8.370518,278,7.660187,1816,,PRO,19,0.00786466,-0.038093148,0.056498076,0.082954829,0.098655056,0.083079674,-0.083015771,14.09042953,PSY,,-200
39,39,68,19981,10852,11106,F,2,2,0,0.234186429,0.288302539,0.339893876,0.575993832,0.488041341,0.566073156,0.52452568,-0.01607329,-0.015390749,0.031698011,-0.06067844,0.02022944,-0.007200446,0.010943177,8.504499,1356,7.923769,1343,7.786316,590,7.483479,250,13.002694,139,6.346388,395,8.170705,1528,,PRO,23.3,0.018167476,0.036230406,0.085220576,0.105330662,0.091833302,0.102842933,0.042515872,13.75496421,PSY,,-182
40,40,86,90217,12064,12230,F,1,2,48,0.150347193,0.285370529,0.605825152,0.526740163,0.495190795,0.543368167,0.616900951,-0.029728807,-0.124097071,0.070605799,-0.046399446,0.014571948,0.041091045,-0.173798464,8.000094,1608,7.531449,1673,7.833026,527,9.230962,257,10.793112,182,8.535079,184,8.133735,1651,102,PRO,25,-0.004865521,-0.054032615,0.163554198,0.103043833,0.088136057,0.137506215,-0.12140272,14.41568806,PSY,-115,-90
41,41,54,126176,12455,12780,F,1,2,63,0.215899696,0.258265974,0.308723565,0.508981246,0.477581154,0.61085866,0.793374058,-0.050959926,-0.021268398,-0.030060966,-0.103369901,-0.024389459,-0.10567843,-0.02954825,7.757906,1008,7.374181,1319,7.835496,627,7.192995,256,11.128358,91,7.680937,234,7.787292,1534,98.33334,PSY,27.6,-0.013505944,0.027318841,0.029455236,0.059090607,0.053234863,0.033906717,0.018858944,12.82701959,PSY,-330,-267
42,42,50,106057,7955,11122,F,1,2,5,0.351245428,0.334171851,0.402265548,0.697867773,0.288611431,0.531490797,0.638969498,-0.06013772,-0.064038976,-0.037189217,-0.185020731,0.042050564,-0.021152315,-0.035131634,7.853781,926,7.558564,1126,7.864516,456,8.573167,125,10.081705,127,7.642566,286,7.988747,998,120,PRO,20.1,-0.002931066,0.004710427,0.040012296,0.049214995,0.080178533,0.086505434,-0.0003189,14.79708782,PSY,1487,55
43,43,47,88760,motive2,11846,F,2,2,38,0.235835729,0.221225739,0.342605665,0.378855326,0.444122397,0.481727132,0.539945843,-0.059577319,-0.048427531,-0.015470602,-0.022225542,-0.032364184,0.013387666,-0.052747869,,1024,,1450,7.935496,690,,205,,100,,172,,1934,,NC,24.9,-0.018497386,-0.001873043,0.047434688,0.084183668,0.041319308,0.104622627,-0.022139274,16.47301028,HC,,-155
44,44,71,88608,motive2,12108,M,2,2,1,0.191521644,0.173573644,0.396385876,0.503895644,0.611768231,0.629666111,0.965477735,-0.045255165,-0.035715967,0.01083385,-0.114727933,0.024700541,0.002950213,0.007185966,8.441115,1517,7.826698,1696,7.960824,680,7.917734,343,12.528913,145,7.863169,361,8.153838,1857,,PRO,25.4,-0.0114654,0.00124573,0.079359699,0.05231879,0.116429867,0.126877085,0.060921953,12.6429291,PSY,,-55
45,45,56,92089,motive2,12089,F,1,2,127,0.213299779,0.311289694,0.328630909,0.330611375,0.429946086,0.511827121,0.740971788,-0.033824996,-0.066938377,0.008240742,-0.032814124,-0.012933889,-0.066616117,-0.039943171,8.100376,1477,7.837704,1815,8.015392,547,8.244537,229,9.429551,89,7.797983,257,7.98988,1607,105,PRO,23.9,0.000859183,-0.001196703,0.064525501,0.063604886,0.055552705,0.046067631,0.005993003,15.66035028,PSY,-273,-287
46,46,58,20011,10846,10888,F,1,2,0,0.246390637,0.262738346,0.546371845,0.648801939,0.464291501,0.535848316,0.598965812,0.086482289,0.080245702,0.190421663,-0.000431407,0.090563051,0.056510976,0.004392141,8.659601,1442,8.105057,1636,8.027272,576,7.217781,277,11.101748,147,7.122474,264,8.081304,1667,,PRO,21.4,0.108361097,0.111265423,0.252237439,0.168852933,0.147766385,0.148522714,0.040943802,14.9804931,PSY,,-49
47,47,72,93757,12061,12015,M,2,2,7,0.334789369,0.261234719,0.3215573,0.612029004,0.471092743,0.531898363,0.589863026,-0.074505148,-0.082199178,0.028885605,-0.100250968,0.002597679,-0.014759781,0.018138067,8.059349,1020,7.616409,1111,8.034908,376,9.253879,35,9.259292,359,6.72689,319,7.990159,415,,PRO,25.4,-0.017993418,-0.023433822,0.079712178,0.085472463,0.074306107,0.090174597,0.056023456,15.10609651,PSY,,57
48,48,12,116019,10078,11135,F,2,1,0,0.298710799,0.418596104,0.632233066,0.521620147,0.523693277,0.583061434,0.502597335,0.124271171,0.192301979,0.239470974,0.103164601,0.166271728,0.169178758,0.0669892,8.746345,920,8.170632,1013,8.05293,507,5.99633,138,9.613296,196,7.971014,237,7.879795,1070,103.3333,PRO,25.7,0.148138162,0.230766985,0.307679658,0.212274787,0.220979108,0.248626072,0.093768389,13.81146056,PSY,616,
49,49,59,20543,11271,11259,M,1,1,0,0.209987912,0.292365703,0.29266289,0.722519892,0.301686576,0.636677426,0.865197428,-0.037189998,-0.057261475,-0.019692619,-0.14689705,-0.006432265,-0.073796175,-0.102147752,7.833412,1394,7.519376,1303,8.073491,721,8.29902,208,9.552264,28,7.261627,142,8.125068,1823,,MDD,21.5,-0.002498361,0.003508937,0.035180646,0.083764588,0.041214978,0.064607773,-0.045245095,12.68066162,PSY,,12
50,50,46,102041,10603,10675,M,1,2,0,0.259881213,0.373948018,0.584475425,0.403194712,0.51358341,0.588798587,0.526773297,0.057195322,-0.000306556,0.103031931,0.003188981,0.132604176,0.085024775,-0.048182242,8.149217,1101,7.779282,1170,8.077595,568,7.981727,200,10.158457,152,6.607483,268,7.788003,1702,103.3333,NC,23.4,0.084926994,0.06330846,0.186641393,0.107488469,0.190917324,0.181727244,-0.012836615,13.71877443,HC,-154,-155
51,51,30,96659,10229,11096,M,1,2,0,0.258302202,0.355147476,0.486330569,0.44031754,0.332328618,0.466097427,0.433140378,-0.069422883,-0.104190484,0.059170791,-0.072315855,-0.014505167,0.010510063,-0.050774378,,,,,8.078029,870,,,,,,,,,95,NC,17.7,-0.024583234,-0.026113171,0.133353119,0.061350732,0.038581637,0.097962847,-0.02102552,17.33120273,HC,-112,-880
52,52,40,94288,11948,12092,M,1,2,56,0.242061768,0.325077273,0.350169609,0.463661746,0.459231474,0.534829908,0.531059011,-0.061495968,-0.063146987,-0.034317947,-0.110773645,-0.014119554,0.000501673,-0.097007364,8.445856,1447,8.329188,1447,8.08519,687,10.261551,304,10.32663,114,6.721759,345,8.643268,1901,103.3333,NC,22.7,-0.019962918,0.002842567,0.032453747,0.039007503,0.058332134,0.10306925,-0.058396726,15.11731091,HC,63,-126
53,53,36,128259,12296,12837,F,2,2,56,0.197243381,0.330227731,0.328454028,0.506135823,0.43581611,0.490511543,0.825663505,-0.064786834,-0.078245909,0.007100684,-0.089031314,0.042799412,0.045298971,-0.097536639,7.303856,1018,6.976768,1354,8.13208,706,7.393325,294,10.928432,99,9.123959,241,8.013882,1929,45.66667,PRO,20.4,-0.028010663,-0.007247105,0.06355465,0.068870171,0.10357519,0.132028693,-0.043230749,16.57877397,PSY,-462,-476
54,54,4,21118,12258,12784,F,1,2,0,0.254556089,0.288653335,0.349168096,0.558189787,0.335918119,0.543056144,0.527194024,-0.067717817,-0.023362571,-0.077902907,-0.09019902,-0.01631709,0.004788167,-0.043781562,7.942878,1285,7.807361,1369,8.20497,568,9.191213,149,12.890636,165,7.613431,335,8.303654,1375,117.6667,PRO,14.5,-0.023624003,0.029673245,-0.003735996,0.07886511,0.037596462,0.108112002,-0.008680604,15.10887978,PSY,-284,-482
55,55,49,119791,10082,10705,M,5,2,0,0.258577702,0.289559821,0.393898823,0.49108899,0.313576218,0.472996361,0.768216303,0.008550978,0.031478457,-0.039510336,-0.121711065,-0.032082004,0.011704365,-0.030939833,,,,,8.231724,643,,,,,,,,,128,PRO,21.7,0.042759866,0.075346592,0.035757285,0.038073477,0.020824867,0.100252188,0.018188618,17.40335589,PSY,68,-734
56,56,18,20642,11272,11261,M,,,0,0.28794171,0.323050723,0.407600483,0.604777897,0.521007885,0.636208717,0.541062132,-0.072167086,-0.07837014,-0.007390503,-0.110715228,0.033265272,-0.109750162,-0.07972053,8.652678,1544,7.852143,1437,8.231819,645,8.422807,226,8.460153,295,5.978014,120,8.57062,1638,,,25.6,-0.022896667,-0.010137454,0.064678542,0.075846017,0.107919753,0.033441213,-0.041557661,12.93886547,PSY,,9
57,57,90,89095,9972,11100,F,1,2,0,0.266859612,0.19384523,0.395654421,0.422522681,0.370647954,0.412915148,1,-0.048758125,-0.024395791,-0.070670842,-0.021942716,-0.018836026,-0.019149809,0.017145234,8.399871,1141,7.968512,849,8.37238,754,8.88724,281,12.444905,137,6.483539,91,8.551332,1709,125.6667,NC,24.6,-0.003287773,0.014413813,0.012211187,0.09807613,0.042020845,0.066286764,0.170716291,20.27627235,HC,-1121,70
58,58,48,20303,12276,12234,M,1,2,17,0.210589422,0.325753259,0.388873045,0.50624878,0.420002473,0.638710498,0.652745657,-0.030035377,-0.074594527,0.036573987,-0.077000836,0.026839416,0.002083051,-0.105598367,8.419253,1575,8.247654,1793,8.473452,871,8.854275,130,9.592893,273,7.280969,258,8.59671,2107,118,NC,19.2,0.002887131,-0.006544241,0.097755694,0.075078577,0.087017435,0.124287588,-0.058978857,13.26649871,HC,-34,85
59,59,63,83835,10777,10706,M,2,2,0,0.369733554,0.325455665,0.341857952,0.499189944,0.520994779,0.607476962,0.838961212,0.048887937,0.04274315,0.030407754,-0.027831821,0.08285169,-0.002917569,0.027808668,8.885284,1546,8.322086,1468,8.497344,754,9.375818,277,15.658214,30,8.991942,108,8.584676,1936,106.6667,PRO,26.7,0.094341066,0.09221784,0.079546069,0.11199028,0.152032177,0.115990456,0.083229028,13.987928,PSY,7,30
60,60,91,20082,motive2,11821,F,1,2,18,0.147502568,0.198512468,0.360375627,0.56626758,0.406309549,0.695432323,0.652778112,-0.034630981,-0.054266608,0.037244141,-0.063143076,-0.054234271,-0.011104538,-0.066192595,8.104991,1302,7.319243,1795,8.516699,651,8.620991,325,11.527322,181,5.055306,333,8.467449,1845,,PRO,20.3,-0.0097113,-0.011299745,0.093360487,0.100972596,0.01625713,0.124519539,-0.021993576,12.24662518,PSY,,-180
61,61,33,117397,10582,10686,M,2,2,0,0.236666423,0.298366706,0.324274875,0.520308461,0.413537702,0.524420698,0.768653615,0.015489818,0.09011726,0.122897869,0.064429799,0.101598858,0.098437285,-0.002924196,8.450405,922,7.070211,1362,8.530106,674,8.015796,166,11.793382,111,6.14926,292,8.647753,1740,102.6667,PROR,20.2,0.045751406,0.125515069,0.15786983,0.183297874,0.149344599,0.18020741,0.044508866,16.26576911,PSY,13,-238
62,62,80,112126,motive1,11157,F,2,2,0,0.358369729,0.262696397,0.308600295,0.685793833,0.397854053,0.612274183,0.495563991,-0.094556791,-0.053414207,0.047319076,-0.0954862,-0.01829593,-0.061245859,-0.065744249,8.570528,1257,7.401269,1054,8.544921,554,8.348067,162,13.896764,111,8.960756,67,8.375506,1349,,NC,21.8,-0.032586965,0.000317618,0.09269425,0.108228651,0.045400496,0.068040438,-0.031237595,13.95603675,HC,,-138
63,63,39,131384,11740,12198,M,2,2,0,0.292091178,0.201399038,0.517893577,0.542784051,0.365947073,0.52417413,0.954753213,-0.030297077,-0.097521702,0.078133492,-0.053447375,0.032059663,0.059789842,-0.057436511,7.857852,1395,8.018017,1583,8.589526,609,9.938726,226,7.356411,237,7.137976,247,8.71561,1623,104.6667,PRO,21.1,0.014592427,-0.044364896,0.156293976,0.107552803,0.084229571,0.151617243,-0.000678209,16.38677971,PSY,-377,-372
64,64,77,130438,11656,11999,F,2,2,33,0.238044167,0.238934127,0.363304712,0.331054913,0.558669146,0.465438225,0.705327431,-0.079253616,-0.052568467,-0.00270151,-0.070132975,-0.041710944,-0.011831934,0.04609187,8.406961,890,7.510855,1079,8.595042,500,9.612,76,12.929244,45,6.509035,167,8.843543,1208,106.6667,NC,18.1,-0.035822584,-0.001555513,0.061596881,0.036304628,0.051131338,0.081142773,0.084870432,18.46655804,HC,-327,-292
65,65,22,121085,10973,10851,F,1,2,14,0.160587439,0.195026169,0.286390926,0.599529882,0.376910564,0.621289461,0.49272023,-0.038831426,-0.040282956,0.042421038,-0.110696457,0.040345844,-0.077091085,-0.077045239,,,,,8.690735,694,,,,,,,,,,NC,20.8,-0.011546752,-0.0002856,0.084789854,0.074491499,0.091860852,0.056967338,-0.042018673,13.98822216,HC,,255
66,66,69,93734,10092,10694,M,5,2,0,0.273329148,0.527384982,0.53460819,0.570948533,0.478073891,0.54823331,0.618841611,0.053811017,-0.02959718,0.235820694,0.140033043,0.079779264,0.140434909,-0.000823298,8.100231,1601,8.082864,2145,8.711739,767,9.030194,258,8.755683,260,5.900008,427,8.464221,2027,102.6667,MDD,24.6,0.083845691,0.065077492,0.287709362,0.252392097,0.140742727,0.21871431,0.037270856,15.89056856,PSY,-902,385
67,67,34,93274,10785,10765,F,5,2,11,0.237537913,0.364754227,0.362588789,0.407930555,0.387535348,0.549674088,0.729890097,0.008624457,-0.018118923,-0.030645373,-0.108306487,0.040700433,-0.026192191,-0.06025187,9.203308,1515,8.271221,1511,8.870409,714,10.411285,248,12.802977,294,6.603655,308,8.937094,1866,116.3333,PSY,24.6,0.040230782,0.047394927,0.037645292,0.026299733,0.09378741,0.084348868,-0.007893065,16.13757896,PSY,-63,3
68,68,62,128079,11639,11934,M,2,2,57,0.251355282,0.211221604,0.310502465,0.456685536,0.453026401,0.590792855,0.480589409,-0.063877583,-0.024844061,-0.007443732,-0.068706961,-0.094433266,0.005975361,0.003445837,9.504507,1354,8.651898,1630,8.886126,581,11.752922,212,7.027361,19,8.464898,287,9.485823,1544,108,PRO,18.1,-0.020353046,0.015549397,0.047772116,0.068286499,-0.010638419,0.118234661,0.035063785,15.04101805,PSY,-267,-255
69,69,2,128865,12165,12325,M,1,2,49,0.188254989,0.33056118,0.413244857,0.646101514,0.447986807,0.426177051,0.667125516,-0.036182925,-0.089589904,-0.022836756,-0.155457771,0.045776157,0.008930541,-0.162698862,8.085257,1567,7.685738,1432,9.356728,815,9.475118,291,19.148896,170,6.67146,259,8.770434,2049,112.6667,PRO,19.2,-0.005475122,-0.018173495,0.052894974,0.053544793,0.107339012,0.089023564,-0.111685068,21.95502544,PSY,-184,-171
70,70,14,96902,11870,11903,F,1,1,6,0.187909789,0.398912606,0.540953394,0.645020842,0.506075046,0.691224307,0.677782871,-0.077303947,-0.124498184,0.091711296,-0.061549997,0.020166918,0.025924343,-0.141510574,8.740338,1253,8.587436,1667,9.540169,657,9.974201,196,10.888879,88,7.556928,272,9.486195,1586,115,NC,20.8,-0.040423509,-0.034133541,0.170632205,0.125907572,0.09530735,0.155528232,-0.099199645,13.80184248,HC,-62,-42
71,71,61,85743,10974,10944,F,1,2,2,0.258890801,0.339351253,0.395918345,0.513058246,0.338646724,0.624068656,0.682760173,0.044911761,0.023879679,0.02967535,0.004842546,0.06742141,0.081180504,-0.134512958,8.488627,1436,8.951636,1588,9.567051,589,9.987461,234,10.270788,188,7.975011,272,9.400385,1534,113.3333,NC,23.1,0.074456075,0.07786037,0.093278619,0.137357242,0.108935489,0.185391209,-0.080356305,15.33012578,HC,7,2